<?xml version="1.0" encoding="UTF-8"?>
<metadata xml:lang="en"><Esri><CreaDate>20161215</CreaDate><CreaTime>12254100</CreaTime><ArcGISFormat>1.0</ArcGISFormat><SyncOnce>TRUE</SyncOnce><DataProperties><itemProps><itemLocation><linkage Sync="TRUE">file://\\Gost-cifs\GOST\AFRICA\GHA\HYDRO\Lakes</linkage><protocol Sync="TRUE">Local Area Network</protocol></itemLocation></itemProps><copyHistory><copy source="S:\COUNTRY\GHA\Ghana\Ghana\Lakes" dest="\\Gost-cifs\GOST\AFRICA\GHA\HYDRO\Lakes" date="20161215" time="12254100"></copy></copyHistory></DataProperties></Esri></metadata>
